time_utc,load_1m,container,cpu_percent,mem_usage,mem_percent
2026-09-27T15:03:50Z,0.17,cmsc495-cap-api-1,0.19%,59.46MiB / 1.913GiB,3.04%
2026-09-27T15:03:50Z,0.17,cmsc495-cap-web-1,0.00%,4.102MiB / 1.913GiB,0.21%
2026-09-27T15:03:50Z,0.17,cmsc495-cap-caddy-1,0.00%,19.9MiB / 1.913GiB,1.02%
2026-09-27T15:03:54Z,0.15,cmsc495-cap-api-1,0.20%,59.46MiB / 1.913GiB,3.04%
2026-09-27T15:03:54Z,0.15,cmsc495-cap-web-1,0.00%,4.102MiB / 1.913GiB,0.21%
2026-09-27T15:03:54Z,0.15,cmsc495-cap-caddy-1,0.00%,20.15MiB / 1.913GiB,1.03%
2026-09-27T15:03:58Z,0.14,cmsc495-cap-api-1,0.20%,59.47MiB / 1.913GiB,3.04%
2026-09-27T15:03:58Z,0.14,cmsc495-cap-web-1,0.00%,4.102MiB / 1.913GiB,0.21%
2026-09-27T15:03:58Z,0.14,cmsc495-cap-caddy-1,0.01%,19.91MiB / 1.913GiB,1.02%
2026-09-27T15:04:02Z,0.14,cmsc495-cap-api-1,0.20%,59.47MiB / 1.913GiB,3.04%
2026-09-27T15:04:02Z,0.14,cmsc495-cap-web-1,0.00%,4.102MiB / 1.913GiB,0.21%
2026-09-27T15:04:02Z,0.14,cmsc495-cap-caddy-1,0.00%,20.16MiB / 1.913GiB,1.03%
2026-09-27T15:04:06Z,0.13,cmsc495-cap-api-1,0.19%,59.47MiB / 1.913GiB,3.04%
2026-09-27T15:04:06Z,0.13,cmsc495-cap-web-1,0.00%,4.102MiB / 1.913GiB,0.21%
2026-09-27T15:04:06Z,0.13,cmsc495-cap-caddy-1,0.00%,20.16MiB / 1.913GiB,1.03%
2026-09-27T15:04:10Z,0.12,cmsc495-cap-api-1,0.21%,59.72MiB / 1.913GiB,3.05%
2026-09-27T15:04:10Z,0.12,cmsc495-cap-web-1,0.00%,4.102MiB / 1.913GiB,0.21%
2026-09-27T15:04:10Z,0.12,cmsc495-cap-caddy-1,0.00%,19.91MiB / 1.913GiB,1.02%
2026-09-27T15:04:14Z,0.11,cmsc495-cap-api-1,0.19%,59.47MiB / 1.913GiB,3.04%
2026-09-27T15:04:14Z,0.11,cmsc495-cap-web-1,0.00%,4.102MiB / 1.913GiB,0.21%
2026-09-27T15:04:14Z,0.11,cmsc495-cap-caddy-1,0.00%,19.91MiB / 1.913GiB,1.02%
2026-09-27T15:04:18Z,0.10,cmsc495-cap-api-1,0.20%,59.72MiB / 1.913GiB,3.05%
2026-09-27T15:04:18Z,0.10,cmsc495-cap-web-1,0.00%,4.102MiB / 1.913GiB,0.21%
2026-09-27T15:04:18Z,0.10,cmsc495-cap-caddy-1,0.11%,19.91MiB / 1.913GiB,1.02%
2026-09-27T15:04:22Z,0.10,cmsc495-cap-api-1,0.19%,59.72MiB / 1.913GiB,3.05%
2026-09-27T15:04:22Z,0.10,cmsc495-cap-web-1,0.00%,4.102MiB / 1.913GiB,0.21%
2026-09-27T15:04:22Z,0.10,cmsc495-cap-caddy-1,0.00%,19.91MiB / 1.913GiB,1.02%
2026-09-27T15:04:26Z,0.09,cmsc495-cap-api-1,80.24%,86.21MiB / 1.913GiB,4.40%
2026-09-27T15:04:26Z,0.09,cmsc495-cap-web-1,0.02%,4.352MiB / 1.913GiB,0.22%
2026-09-27T15:04:26Z,0.09,cmsc495-cap-caddy-1,0.59%,20.17MiB / 1.913GiB,1.03%
2026-09-27T15:04:30Z,0.24,cmsc495-cap-api-1,14.35%,122.7MiB / 1.913GiB,6.26%
2026-09-27T15:04:30Z,0.24,cmsc495-cap-web-1,0.85%,4.461MiB / 1.913GiB,0.23%
2026-09-27T15:04:30Z,0.24,cmsc495-cap-caddy-1,0.99%,20.28MiB / 1.913GiB,1.03%
2026-09-27T15:04:35Z,0.31,cmsc495-cap-api-1,0.19%,122.7MiB / 1.913GiB,6.26%
2026-09-27T15:04:35Z,0.31,cmsc495-cap-web-1,0.00%,4.121MiB / 1.913GiB,0.21%
2026-09-27T15:04:35Z,0.31,cmsc495-cap-caddy-1,0.00%,20.28MiB / 1.913GiB,1.03%
2026-09-27T15:04:39Z,0.36,cmsc495-cap-api-1,0.20%,122.7MiB / 1.913GiB,6.26%
2026-09-27T15:04:39Z,0.36,cmsc495-cap-web-1,0.00%,4.121MiB / 1.913GiB,0.21%
2026-09-27T15:04:39Z,0.36,cmsc495-cap-caddy-1,0.00%,20.28MiB / 1.913GiB,1.03%
2026-09-27T15:04:43Z,0.36,cmsc495-cap-api-1,14.89%,127.7MiB / 1.913GiB,6.52%
2026-09-27T15:04:43Z,0.36,cmsc495-cap-web-1,0.76%,4.371MiB / 1.913GiB,0.22%
2026-09-27T15:04:43Z,0.36,cmsc495-cap-caddy-1,0.96%,20.53MiB / 1.913GiB,1.05%
2026-09-27T15:04:47Z,0.41,cmsc495-cap-api-1,0.42%,128.2MiB / 1.913GiB,6.54%
2026-09-27T15:04:47Z,0.41,cmsc495-cap-web-1,0.00%,4.141MiB / 1.913GiB,0.21%
2026-09-27T15:04:47Z,0.41,cmsc495-cap-caddy-1,0.00%,20.77MiB / 1.913GiB,1.06%
2026-09-27T15:04:51Z,0.38,cmsc495-cap-api-1,0.18%,128.2MiB / 1.913GiB,6.54%
2026-09-27T15:04:51Z,0.38,cmsc495-cap-web-1,0.00%,4.141MiB / 1.913GiB,0.21%
2026-09-27T15:04:51Z,0.38,cmsc495-cap-caddy-1,0.00%,20.77MiB / 1.913GiB,1.06%
2026-09-27T15:04:55Z,0.35,cmsc495-cap-api-1,41.53%,131.8MiB / 1.913GiB,6.73%
2026-09-27T15:04:55Z,0.35,cmsc495-cap-web-1,0.21%,4.688MiB / 1.913GiB,0.24%
2026-09-27T15:04:55Z,0.35,cmsc495-cap-caddy-1,0.00%,20.77MiB / 1.913GiB,1.06%
2026-09-27T15:04:59Z,0.48,cmsc495-cap-api-1,0.22%,132.4MiB / 1.913GiB,6.76%
2026-09-27T15:04:59Z,0.48,cmsc495-cap-web-1,0.00%,4.191MiB / 1.913GiB,0.21%
2026-09-27T15:04:59Z,0.48,cmsc495-cap-caddy-1,0.06%,22.84MiB / 1.913GiB,1.17%
2026-09-27T15:05:03Z,0.48,cmsc495-cap-api-1,0.21%,132.2MiB / 1.913GiB,6.75%
2026-09-27T15:05:03Z,0.48,cmsc495-cap-web-1,0.00%,4.191MiB / 1.913GiB,0.21%
2026-09-27T15:05:03Z,0.48,cmsc495-cap-caddy-1,0.00%,22.84MiB / 1.913GiB,1.17%
2026-09-27T15:05:07Z,0.60,cmsc495-cap-api-1,0.45%,132.2MiB / 1.913GiB,6.75%
2026-09-27T15:05:07Z,0.60,cmsc495-cap-web-1,0.00%,4.191MiB / 1.913GiB,0.21%
2026-09-27T15:05:07Z,0.60,cmsc495-cap-caddy-1,0.01%,22.64MiB / 1.913GiB,1.16%
2026-09-27T15:05:11Z,0.55,cmsc495-cap-api-1,0.51%,137.3MiB / 1.913GiB,7.01%
2026-09-27T15:05:11Z,0.55,cmsc495-cap-web-1,0.02%,5.133MiB / 1.913GiB,0.26%
2026-09-27T15:05:11Z,0.55,cmsc495-cap-caddy-1,0.78%,24.96MiB / 1.913GiB,1.27%
2026-09-27T15:05:15Z,0.51,cmsc495-cap-api-1,5.81%,137.8MiB / 1.913GiB,7.03%
2026-09-27T15:05:15Z,0.51,cmsc495-cap-web-1,1.11%,4.535MiB / 1.913GiB,0.23%
2026-09-27T15:05:15Z,0.51,cmsc495-cap-caddy-1,1.71%,25.2MiB / 1.913GiB,1.29%
2026-09-27T15:05:19Z,0.47,cmsc495-cap-api-1,0.18%,137.5MiB / 1.913GiB,7.02%
2026-09-27T15:05:19Z,0.47,cmsc495-cap-web-1,0.00%,4.277MiB / 1.913GiB,0.22%
2026-09-27T15:05:19Z,0.47,cmsc495-cap-caddy-1,0.00%,25.09MiB / 1.913GiB,1.28%
2026-09-27T15:05:23Z,0.43,cmsc495-cap-api-1,0.19%,137.5MiB / 1.913GiB,7.02%
2026-09-27T15:05:23Z,0.43,cmsc495-cap-web-1,0.00%,4.277MiB / 1.913GiB,0.22%
2026-09-27T15:05:23Z,0.43,cmsc495-cap-caddy-1,0.00%,25.09MiB / 1.913GiB,1.28%
2026-09-27T15:05:27Z,0.43,cmsc495-cap-api-1,0.37%,137.8MiB / 1.913GiB,7.03%
2026-09-27T15:05:27Z,0.43,cmsc495-cap-web-1,0.00%,4.277MiB / 1.913GiB,0.22%
2026-09-27T15:05:27Z,0.43,cmsc495-cap-caddy-1,0.06%,25.09MiB / 1.913GiB,1.28%
2026-09-27T15:05:31Z,0.40,cmsc495-cap-api-1,0.19%,137.8MiB / 1.913GiB,7.03%
2026-09-27T15:05:31Z,0.40,cmsc495-cap-web-1,0.00%,4.277MiB / 1.913GiB,0.22%
2026-09-27T15:05:31Z,0.40,cmsc495-cap-caddy-1,0.00%,25.09MiB / 1.913GiB,1.28%
