pull_request,pr_author,reviewer,state,submitted_at
54,threshi-art,t-shahan,CHANGES_REQUESTED,2026-09-03T09:51:45Z
54,threshi-art,t-shahan,COMMENTED,2026-09-03T16:21:23Z
54,threshi-art,t-shahan,APPROVED,2026-09-03T18:56:29Z
61,threshi-art,t-shahan,COMMENTED,2026-09-03T20:54:24Z
67,threshi-art,t-shahan,APPROVED,2026-09-03T22:37:20Z
64,dependabot[bot],t-shahan,APPROVED,2026-09-03T23:45:01Z
66,dependabot[bot],t-shahan,APPROVED,2026-09-03T23:45:02Z
65,threshi-art,t-shahan,APPROVED,2026-09-03T23:46:06Z
63,threshi-art,t-shahan,APPROVED,2026-09-03T23:48:53Z
103,threshi-art,t-shahan,APPROVED,2026-09-04T21:07:59Z
101,threshi-art,t-shahan,APPROVED,2026-09-04T21:11:48Z
102,threshi-art,t-shahan,APPROVED,2026-09-04T21:17:20Z
104,threshi-art,t-shahan,COMMENTED,2026-09-04T21:24:22Z
103,threshi-art,t-shahan,APPROVED,2026-09-04T21:24:29Z
102,threshi-art,t-shahan,APPROVED,2026-09-04T21:24:35Z
101,threshi-art,t-shahan,COMMENTED,2026-09-04T21:24:43Z
100,threshi-art,t-shahan,APPROVED,2026-09-04T21:24:49Z
107,threshi-art,t-shahan,APPROVED,2026-09-05T00:04:13Z
108,threshi-art,t-shahan,APPROVED,2026-09-05T00:04:15Z
109,threshi-art,t-shahan,APPROVED,2026-09-05T00:04:16Z
110,threshi-art,t-shahan,APPROVED,2026-09-05T00:04:17Z
111,threshi-art,t-shahan,APPROVED,2026-09-05T00:04:19Z
112,threshi-art,t-shahan,CHANGES_REQUESTED,2026-09-05T00:04:20Z
113,threshi-art,t-shahan,APPROVED,2026-09-05T00:04:21Z
114,threshi-art,t-shahan,COMMENTED,2026-09-05T00:04:23Z
115,threshi-art,t-shahan,COMMENTED,2026-09-05T00:04:24Z
116,threshi-art,t-shahan,CHANGES_REQUESTED,2026-09-05T00:04:25Z
115,threshi-art,t-shahan,APPROVED,2026-09-05T00:32:14Z
112,threshi-art,t-shahan,APPROVED,2026-09-05T01:56:38Z
116,threshi-art,t-shahan,APPROVED,2026-09-05T02:29:15Z
123,threshi-art,t-shahan,APPROVED,2026-09-05T02:29:16Z
124,threshi-art,t-shahan,APPROVED,2026-09-05T02:29:17Z
125,threshi-art,t-shahan,APPROVED,2026-09-05T02:29:18Z
122,threshi-art,t-shahan,CHANGES_REQUESTED,2026-09-05T02:29:19Z
135,threshi-art,t-shahan,COMMENTED,2026-09-05T12:54:14Z
138,threshi-art,t-shahan,COMMENTED,2026-09-05T13:00:20Z
132,threshi-art,t-shahan,COMMENTED,2026-09-05T13:07:30Z
143,threshi-art,t-shahan,COMMENTED,2026-09-05T13:07:37Z
135,threshi-art,t-shahan,COMMENTED,2026-09-05T13:07:48Z
144,threshi-art,t-shahan,COMMENTED,2026-09-05T13:08:52Z
139,threshi-art,t-shahan,COMMENTED,2026-09-05T13:08:59Z
133,threshi-art,t-shahan,COMMENTED,2026-09-05T13:09:08Z
138,threshi-art,t-shahan,COMMENTED,2026-09-05T13:09:14Z
140,threshi-art,t-shahan,COMMENTED,2026-09-05T13:09:20Z
132,threshi-art,t-shahan,APPROVED,2026-09-05T13:12:40Z
138,threshi-art,t-shahan,COMMENTED,2026-09-05T14:08:08Z
148,threshi-art,t-shahan,COMMENTED,2026-09-05T15:15:15Z
150,RoNUO,t-shahan,COMMENTED,2026-09-05T22:54:51Z
155,threshi-art,t-shahan,COMMENTED,2026-09-06T02:53:29Z
157,Lazzy-dev,t-shahan,COMMENTED,2026-09-06T05:00:30Z
157,Lazzy-dev,threshi-art,COMMENTED,2026-09-06T06:19:59Z
170,Lazzy-dev,DanielTsang26,APPROVED,2026-09-07T02:54:36Z
176,RoNUO,t-shahan,COMMENTED,2026-09-07T21:32:27Z
173,dependabot[bot],Lazzy-dev,APPROVED,2026-09-07T23:48:34Z
171,threshi-art,RoNUO,COMMENTED,2026-09-09T18:25:57Z
181,threshi-art,RoNUO,CHANGES_REQUESTED,2026-09-09T19:15:37Z
181,threshi-art,RoNUO,APPROVED,2026-09-10T18:57:01Z
197,t-shahan,Lazzy-dev,APPROVED,2026-09-11T22:16:25Z
221,threshi-art,t-shahan,APPROVED,2026-09-12T15:07:53Z
171,threshi-art,t-shahan,APPROVED,2026-09-12T15:35:33Z
176,RoNUO,t-shahan,APPROVED,2026-09-12T15:35:48Z
234,DanielTsang26,t-shahan,CHANGES_REQUESTED,2026-09-12T23:47:00Z
234,DanielTsang26,t-shahan,APPROVED,2026-09-13T23:35:18Z
226,threshi-art,t-shahan,APPROVED,2026-09-13T23:56:46Z
226,threshi-art,t-shahan,APPROVED,2026-09-13T23:59:08Z
220,threshi-art,t-shahan,APPROVED,2026-09-14T00:35:31Z
219,t-shahan,Lazzy-dev,APPROVED,2026-09-14T01:47:33Z
231,threshi-art,t-shahan,DISMISSED,2026-09-14T03:37:52Z
230,threshi-art,t-shahan,CHANGES_REQUESTED,2026-09-14T03:40:04Z
228,threshi-art,t-shahan,CHANGES_REQUESTED,2026-09-14T03:42:10Z
232,threshi-art,t-shahan,CHANGES_REQUESTED,2026-09-14T03:43:51Z
250,gavinwathen,t-shahan,CHANGES_REQUESTED,2026-09-15T00:40:32Z
250,gavinwathen,t-shahan,CHANGES_REQUESTED,2026-09-15T23:56:51Z
253,threshi-art,t-shahan,COMMENTED,2026-09-19T09:54:21Z
252,threshi-art,t-shahan,COMMENTED,2026-09-19T09:54:39Z
228,threshi-art,t-shahan,APPROVED,2026-09-19T09:54:54Z
232,threshi-art,t-shahan,APPROVED,2026-09-19T09:55:08Z
230,threshi-art,t-shahan,APPROVED,2026-09-19T09:55:25Z
231,threshi-art,t-shahan,COMMENTED,2026-09-19T09:55:47Z
253,threshi-art,Lazzy-dev,APPROVED,2026-09-22T20:17:59Z
254,threshi-art,t-shahan,COMMENTED,2026-09-24T20:40:46Z
261,threshi-art,t-shahan,APPROVED,2026-09-24T20:40:50Z
258,threshi-art,t-shahan,APPROVED,2026-09-24T20:40:54Z
260,threshi-art,t-shahan,APPROVED,2026-09-24T20:40:58Z
262,threshi-art,t-shahan,APPROVED,2026-09-24T20:41:01Z
254,threshi-art,t-shahan,COMMENTED,2026-09-24T21:45:49Z
254,threshi-art,t-shahan,APPROVED,2026-09-24T21:51:15Z
230,threshi-art,t-shahan,CHANGES_REQUESTED,2026-09-25T09:39:37Z
279,RoNUO,t-shahan,COMMENTED,2026-09-26T14:45:05Z
279,RoNUO,t-shahan,CHANGES_REQUESTED,2026-09-26T14:57:24Z
279,RoNUO,t-shahan,APPROVED,2026-09-26T16:02:21Z
259,threshi-art,t-shahan,COMMENTED,2026-09-26T16:28:33Z
231,threshi-art,t-shahan,COMMENTED,2026-09-26T16:31:26Z
292,fudgepop01,t-shahan,CHANGES_REQUESTED,2026-09-26T22:55:01Z
